{
  "project_info": {
    "project_number": "914770507469",
    "project_id": "chatzen-20",
    "storage_bucket": "chatzen-20.appspot.com"
  },
  "client": [
    {
      "client_info": {
        "mobilesdk_app_id": "1:914770507469:android:11cf4e3313bcdedbfadb84",
        "android_client_info": {
          "package_name": "com.example.chatzen20"
        }
      },
      "oauth_client": [],
      "api_key": [
        {
          "current_key": "AIzaSyC07PijlKpkCT7m5LBDn5ESimwm3E51q4A"
        }
      ],
      "services": {
        "appinvite_service": {
          "other_platform_oauth_client": []
        }
      }
    }
  ],
  "configuration_version": "1"
}